{
    "best_metric": 1.069439172744751,
    "best_model_checkpoint": "model/checkpoint-1052",
    "epoch": 2.0,
    "eval_steps": 500,
    "global_step": 1052,
    "is_hyper_param_search": false,
    "is_local_process_zero": true,
    "is_world_process_zero": true,
    "log_history": [
      {
        "epoch": 0.9505703422053232,
        "grad_norm": 6.589423656463623,
        "learning_rate": 1.049429657794677e-05,
        "loss": 1.4801,
        "step": 500
      },
      {
        "epoch": 1.0,
        "eval_accuracy": 0.46654646145920536,
        "eval_f1": 0.41990787551960457,
        "eval_loss": 1.1288466453552246,
        "eval_precision": 0.44225672093903823,
        "eval_recall": 0.39970911579757884,
        "eval_runtime": 10.1123,
        "eval_samples_per_second": 276.89,
        "eval_steps_per_second": 17.306,
        "step": 526
      },
      {
        "epoch": 1.9011406844106464,
        "grad_norm": 5.052127838134766,
        "learning_rate": 9.885931558935361e-07,
        "loss": 1.1057,
        "step": 1000
      },
      {
        "epoch": 2.0,
        "eval_accuracy": 0.4692510786270848,
        "eval_f1": 0.45238750661725785,
        "eval_loss": 1.069439172744751,
        "eval_precision": 0.44792016101979204,
        "eval_recall": 0.45694486033280574,
        "eval_runtime": 9.8783,
        "eval_samples_per_second": 283.45,
        "eval_steps_per_second": 17.716,
        "step": 1052
      }
    ],
    "logging_steps": 500,
    "max_steps": 1052,
    "num_input_tokens_seen": 0,
    "num_train_epochs": 2,
    "save_steps": 500,
    "stateful_callbacks": {
      "TrainerControl": {
        "args": {
          "should_epoch_stop": false,
          "should_evaluate": false,
          "should_log": false,
          "should_save": true,
          "should_training_stop": true
        },
        "attributes": {}
      }
    },
    "total_flos": 507121559067312.0,
    "train_batch_size": 16,
    "trial_name": null,
    "trial_params": null
  }
  